{
  "profit_factor": 0.6998530965592072,
  "expectancy": -0.022694824532391633,
  "sharpe_ratio": -23.651785620647377,
  "sortino_ratio": -29.401577517416627,
  "calmar_ratio": -5.233417725736798,
  "max_drawdown_pct": 93.19957696000041,
  "max_drawdown_currency": 93.19957696000041,
  "avg_trade_duration_minutes": 108.0,
  "win_rate_pct": 41.159279103750606,
  "loss_rate_pct": 58.840720896249394,
  "total_trades": 4106,
  "trades_per_day": 11.25
}