{
  "profit_factor": 1.044749131125599,
  "expectancy": 0.011869859686411244,
  "sharpe_ratio": 0.05760291379010011,
  "sortino_ratio": 0.07762755070707797,
  "calmar_ratio": 0.32824867284483916,
  "max_drawdown_pct": 27.161145072022308,
  "max_drawdown_currency": 37.56734785,
  "avg_trade_duration_minutes": 4165.0,
  "win_rate_pct": 96.86411149825784,
  "loss_rate_pct": 3.1358885017421585,
  "total_trades": 287,
  "trades_per_day": 0.39
}