{
  "profit_factor": 0.5819664419422924,
  "expectancy": -0.05086384220708444,
  "sharpe_ratio": -0.9037973830852359,
  "sortino_ratio": -3.144711429208083,
  "calmar_ratio": -2.2338027033301944,
  "max_drawdown_pct": 21.87026208324241,
  "max_drawdown_currency": 22.607602119999996,
  "avg_trade_duration_minutes": 1004.0,
  "win_rate_pct": 94.82288828337875,
  "loss_rate_pct": 5.177111716621255,
  "total_trades": 367,
  "trades_per_day": 0.5
}