{
  "profit_factor": 0.6339999052023385,
  "expectancy": -0.02330555372500001,
  "sharpe_ratio": -27.99641521309717,
  "sortino_ratio": -33.46675106278228,
  "calmar_ratio": -5.234078213041934,
  "max_drawdown_pct": 93.22508264000017,
  "max_drawdown_currency": 93.22508264000017,
  "avg_trade_duration_minutes": 103.0,
  "win_rate_pct": 38.425,
  "loss_rate_pct": 61.575,
  "total_trades": 4000,
  "trades_per_day": 10.96
}