{
  "profit_factor": 0.36660128796349173,
  "expectancy": -0.8225265560000001,
  "sharpe_ratio": -1.0833397328101086,
  "sortino_ratio": -1.144142565205953,
  "calmar_ratio": -41.297034697239425,
  "max_drawdown_pct": 6.342000058412397,
  "max_drawdown_currency": 6.49296044,
  "avg_trade_duration_minutes": 6207.0,
  "win_rate_pct": 40.0,
  "loss_rate_pct": 60.0,
  "total_trades": 5,
  "trades_per_day": 0.17
}