{
  "profit_factor": 0.8355717312376963,
  "expectancy": -0.03909785512953359,
  "sharpe_ratio": -1.236401769443795,
  "sortino_ratio": -2.5056269028555156,
  "calmar_ratio": -4.422968653166051,
  "max_drawdown_pct": 17.859937884245504,
  "max_drawdown_currency": 18.46182773000001,
  "avg_trade_duration_minutes": 151.0,
  "win_rate_pct": 31.865284974093267,
  "loss_rate_pct": 68.13471502590673,
  "total_trades": 386,
  "trades_per_day": 1.06
}