{
  "profit_factor": 0.4751658146933848,
  "expectancy": -0.10184346736526946,
  "sharpe_ratio": -1.0890784934491256,
  "sortino_ratio": -0.6801161866161638,
  "calmar_ratio": -3.7972528899538474,
  "max_drawdown_pct": 23.444106981562317,
  "max_drawdown_currency": 24.512602440000002,
  "avg_trade_duration_minutes": 1586.0,
  "win_rate_pct": 70.65868263473054,
  "loss_rate_pct": 29.34131736526946,
  "total_trades": 167,
  "trades_per_day": 0.46
}