{
  "profit_factor": 0.9000416660755446,
  "expectancy": -0.09837706930000001,
  "sharpe_ratio": -0.2483679778054571,
  "sortino_ratio": -0.8681779108211175,
  "calmar_ratio": -1.3618760591675463,
  "max_drawdown_pct": 37.81027734448214,
  "max_drawdown_currency": 48.83596115,
  "avg_trade_duration_minutes": 9453.0,
  "win_rate_pct": 68.0,
  "loss_rate_pct": 32.0,
  "total_trades": 200,
  "trades_per_day": 0.27
}