{
  "profit_factor": 0.7708089443818381,
  "expectancy": -0.09141135162711872,
  "sharpe_ratio": -0.5969137889956828,
  "sortino_ratio": -1.4395579488826136,
  "calmar_ratio": -1.934836546869108,
  "max_drawdown_pct": 36.4755153427105,
  "max_drawdown_currency": 38.920941950000014,
  "avg_trade_duration_minutes": 4122.0,
  "win_rate_pct": 87.11864406779661,
  "loss_rate_pct": 12.881355932203391,
  "total_trades": 295,
  "trades_per_day": 0.4
}