{
  "profit_factor": 0.7946952801868625,
  "expectancy": -0.17118640367346927,
  "sharpe_ratio": -0.3926668323565119,
  "sortino_ratio": -0.6019081399987295,
  "calmar_ratio": -1.957622085821831,
  "max_drawdown_pct": 44.855949655838465,
  "max_drawdown_currency": 54.05051172000001,
  "avg_trade_duration_minutes": 11149.0,
  "win_rate_pct": 83.16326530612244,
  "loss_rate_pct": 16.83673469387756,
  "total_trades": 196,
  "trades_per_day": 0.27
}