{
  "profit_factor": 0.8886892883945436,
  "expectancy": -0.5954025073869342,
  "sharpe_ratio": -0.6562936247408688,
  "sortino_ratio": -0.5475530945580718,
  "calmar_ratio": -3.7058787751050666,
  "max_drawdown_pct": 33.470029126686036,
  "max_drawdown_currency": 381.29296044,
  "avg_trade_duration_minutes": 338.0,
  "win_rate_pct": 60.55276381909548,
  "loss_rate_pct": 39.44723618090452,
  "total_trades": 398,
  "trades_per_day": 1.09
}