{
  "profit_factor": 0.6326890009909049,
  "expectancy": -0.060342253424657516,
  "sharpe_ratio": -0.45302525424149215,
  "sortino_ratio": -0.2447401380562286,
  "calmar_ratio": -2.7276291660523713,
  "max_drawdown_pct": 16.906068424807426,
  "max_drawdown_currency": 18.00230417,
  "avg_trade_duration_minutes": 2985.0,
  "win_rate_pct": 75.34246575342466,
  "loss_rate_pct": 24.657534246575338,
  "total_trades": 146,
  "trades_per_day": 0.4
}