{
  "profit_factor": 0.2552326104908271,
  "expectancy": -4.184488275,
  "sharpe_ratio": -10.453642445874037,
  "sortino_ratio": -23.77215287489151,
  "calmar_ratio": -251.138138984938,
  "max_drawdown_pct": 2.7285337259129,
  "max_drawdown_currency": 27.34644314,
  "avg_trade_duration_minutes": 180.0,
  "win_rate_pct": 33.33333333333333,
  "loss_rate_pct": 66.66666666666667,
  "total_trades": 6,
  "trades_per_day": 0.86
}