{
  "profit_factor": 0.8887648200540129,
  "expectancy": -0.018836469353846114,
  "sharpe_ratio": -0.13358617024357644,
  "sortino_ratio": -0.07216945061360282,
  "calmar_ratio": -0.7537503082716759,
  "max_drawdown_pct": 21.255872368086113,
  "max_drawdown_currency": 25.341088670000005,
  "avg_trade_duration_minutes": 2652.0,
  "win_rate_pct": 74.76923076923076,
  "loss_rate_pct": 25.23076923076924,
  "total_trades": 325,
  "trades_per_day": 0.45
}