{
  "profit_factor": 0.03344198043087967,
  "expectancy": -1.8419696533333332,
  "sharpe_ratio": -1.3951346379966005,
  "sortino_ratio": -1.3863457813406772,
  "calmar_ratio": -61.67123505869474,
  "max_drawdown_pct": 5.706190378993203,
  "max_drawdown_currency": 5.71710011,
  "avg_trade_duration_minutes": 11027.0,
  "win_rate_pct": 33.33333333333333,
  "loss_rate_pct": 66.66666666666667,
  "total_trades": 3,
  "trades_per_day": 0.1
}