{
  "profit_factor": 0.3949886055556475,
  "expectancy": -0.14786116506944436,
  "sharpe_ratio": -0.7551101522321053,
  "sortino_ratio": -0.4029948908541115,
  "calmar_ratio": -3.9382862114975095,
  "max_drawdown_pct": 28.298466968344044,
  "max_drawdown_currency": 30.142049729999997,
  "avg_trade_duration_minutes": 3322.0,
  "win_rate_pct": 75.0,
  "loss_rate_pct": 25.0,
  "total_trades": 144,
  "trades_per_day": 0.39
}