{
  "profit_factor": 0.8447735186556057,
  "expectancy": -0.02559629274336289,
  "sharpe_ratio": -0.25715951745683097,
  "sortino_ratio": -0.147396687235431,
  "calmar_ratio": -1.094079012680739,
  "max_drawdown_pct": 20.756381846816836,
  "max_drawdown_currency": 23.24360812,
  "avg_trade_duration_minutes": 1980.0,
  "win_rate_pct": 74.63126843657817,
  "loss_rate_pct": 25.368731563421832,
  "total_trades": 339,
  "trades_per_day": 0.46
}