{
  "profit_factor": 0.6878864178811988,
  "expectancy": -0.16379312857142858,
  "sharpe_ratio": -0.7330933308697883,
  "sortino_ratio": -1.1440070382359835,
  "calmar_ratio": -36.37481030885795,
  "max_drawdown_pct": 2.0073271499999947,
  "max_drawdown_currency": 2.00732715,
  "avg_trade_duration_minutes": 1501.0,
  "win_rate_pct": 42.857142857142854,
  "loss_rate_pct": 57.142857142857146,
  "total_trades": 7,
  "trades_per_day": 0.23
}