{
  "profit_factor": 0.6181399738468865,
  "expectancy": -0.24842246857142847,
  "sharpe_ratio": -0.8050513761795561,
  "sortino_ratio": -0.8769936353641751,
  "calmar_ratio": -33.53310758795741,
  "max_drawdown_pct": 3.302480700000004,
  "max_drawdown_currency": 3.3024807,
  "avg_trade_duration_minutes": 1681.0,
  "win_rate_pct": 57.14285714285714,
  "loss_rate_pct": 42.85714285714286,
  "total_trades": 7,
  "trades_per_day": 0.23
}