{
  "profit_factor": 0.36426340095748566,
  "expectancy": -0.1671333603472222,
  "sharpe_ratio": -0.7951640327113445,
  "sortino_ratio": -0.42345688584873237,
  "calmar_ratio": -4.086328961321219,
  "max_drawdown_pct": 30.828037549402755,
  "max_drawdown_currency": 32.83641626,
  "avg_trade_duration_minutes": 3330.0,
  "win_rate_pct": 75.0,
  "loss_rate_pct": 25.0,
  "total_trades": 144,
  "trades_per_day": 0.39
}