{
  "profit_factor": 0.49609104823799965,
  "expectancy": -0.0939420310778443,
  "sharpe_ratio": -1.1341660982243167,
  "sortino_ratio": -0.7445351341742479,
  "calmar_ratio": -3.6949867208287435,
  "max_drawdown_pct": 22.22373770110693,
  "max_drawdown_currency": 23.23658208,
  "avg_trade_duration_minutes": 1551.0,
  "win_rate_pct": 69.46107784431138,
  "loss_rate_pct": 30.538922155688624,
  "total_trades": 167,
  "trades_per_day": 0.46
}