{
  "profit_factor": 0.7733718294740198,
  "expectancy": -0.03835791969780222,
  "sharpe_ratio": -0.5776121323717346,
  "sortino_ratio": -0.39832356380945805,
  "calmar_ratio": -1.6521621946384266,
  "max_drawdown_pct": 22.117056180996027,
  "max_drawdown_currency": 24.025240420000006,
  "avg_trade_duration_minutes": 969.0,
  "win_rate_pct": 72.25274725274726,
  "loss_rate_pct": 27.747252747252745,
  "total_trades": 364,
  "trades_per_day": 0.5
}