{
  "profit_factor": 0.7775270478106904,
  "expectancy": -0.028400353225806432,
  "sharpe_ratio": -0.47151038637796033,
  "sortino_ratio": -0.29323601923551834,
  "calmar_ratio": -1.9418638525931797,
  "max_drawdown_pct": 14.238737252098796,
  "max_drawdown_currency": 15.50227894,
  "avg_trade_duration_minutes": 1292.0,
  "win_rate_pct": 72.58064516129032,
  "loss_rate_pct": 27.41935483870968,
  "total_trades": 186,
  "trades_per_day": 0.51
}