{
  "profit_factor": 0.596942140604109,
  "expectancy": -0.06866732762820511,
  "sharpe_ratio": -0.6242950669405166,
  "sortino_ratio": -0.3574297803775673,
  "calmar_ratio": -2.7910746585965382,
  "max_drawdown_pct": 20.08893245387579,
  "max_drawdown_currency": 21.68951789,
  "avg_trade_duration_minutes": 2313.0,
  "win_rate_pct": 73.71794871794873,
  "loss_rate_pct": 26.28205128205127,
  "total_trades": 156,
  "trades_per_day": 0.43
}