{
  "profit_factor": 0.7748960131790902,
  "expectancy": -0.029456671038251378,
  "sharpe_ratio": -0.40321325965883464,
  "sortino_ratio": -0.23558454332345416,
  "calmar_ratio": -1.9322268467279726,
  "max_drawdown_pct": 14.602600713856528,
  "max_drawdown_currency": 16.107076990000003,
  "avg_trade_duration_minutes": 1720.0,
  "win_rate_pct": 73.224043715847,
  "loss_rate_pct": 26.775956284152997,
  "total_trades": 183,
  "trades_per_day": 0.5
}