{
  "profit_factor": 0.6227687871612434,
  "expectancy": -0.06117246487951808,
  "sharpe_ratio": -0.4946657999829941,
  "sortino_ratio": -0.2712489858639205,
  "calmar_ratio": -3.040906377579998,
  "max_drawdown_pct": 17.478919679336872,
  "max_drawdown_currency": 19.030289160000002,
  "avg_trade_duration_minutes": 2849.0,
  "win_rate_pct": 73.49397590361446,
  "loss_rate_pct": 26.506024096385545,
  "total_trades": 166,
  "trades_per_day": 0.45
}