{
  "profit_factor": 0.9129069045386948,
  "expectancy": -0.00983177585798821,
  "sharpe_ratio": -0.11413577641428825,
  "sortino_ratio": -0.06345283259045431,
  "calmar_ratio": -0.8671733266334812,
  "max_drawdown_pct": 10.029200889347477,
  "max_drawdown_currency": 10.919358660000004,
  "avg_trade_duration_minutes": 2615.0,
  "win_rate_pct": 73.96449704142012,
  "loss_rate_pct": 26.035502958579883,
  "total_trades": 169,
  "trades_per_day": 0.46
}