{
  "profit_factor": 0.7981028380674138,
  "expectancy": -0.11251516103305786,
  "sharpe_ratio": -0.47072776825800666,
  "sortino_ratio": -0.8190446166696131,
  "calmar_ratio": -1.9051151612150974,
  "max_drawdown_pct": 37.40492178461724,
  "max_drawdown_currency": 41.65081549000001,
  "avg_trade_duration_minutes": 6601.0,
  "win_rate_pct": 83.88429752066115,
  "loss_rate_pct": 16.11570247933885,
  "total_trades": 242,
  "trades_per_day": 0.33
}