{
  "profit_factor": 0.7945516792538337,
  "expectancy": -0.04395273641025638,
  "sharpe_ratio": -0.3333794157408291,
  "sortino_ratio": -0.7398163060493905,
  "calmar_ratio": -1.255529405908143,
  "max_drawdown_pct": 28.584934135184014,
  "max_drawdown_currency": 34.25195103,
  "avg_trade_duration_minutes": 3041.0,
  "win_rate_pct": 95.83333333333334,
  "loss_rate_pct": 4.166666666666657,
  "total_trades": 312,
  "trades_per_day": 0.43
}