{
  "profit_factor": 0.8077854630629678,
  "expectancy": -0.12317403654901982,
  "sharpe_ratio": -0.6502779655983041,
  "sortino_ratio": -2.7430394247740217,
  "calmar_ratio": -2.0141872171211883,
  "max_drawdown_pct": 40.811550162889255,
  "max_drawdown_currency": 44.91407678000001,
  "avg_trade_duration_minutes": 4711.0,
  "win_rate_pct": 64.31372549019608,
  "loss_rate_pct": 35.68627450980392,
  "total_trades": 255,
  "trades_per_day": 0.35
}