{
  "profit_factor": 0.6425781321002448,
  "expectancy": -0.03288478309859153,
  "sharpe_ratio": -11.175960067035856,
  "sortino_ratio": -16.60850555150848,
  "calmar_ratio": -5.19163526990346,
  "max_drawdown_pct": 44.725615400000045,
  "max_drawdown_currency": 44.725615400000045,
  "avg_trade_duration_minutes": 109.0,
  "win_rate_pct": 38.91771682727946,
  "loss_rate_pct": 61.08228317272054,
  "total_trades": 1349,
  "trades_per_day": 3.7
}