{
  "profit_factor": 0.7967034153795669,
  "expectancy": -0.06636373741721852,
  "sharpe_ratio": -0.4726027615496179,
  "sortino_ratio": -1.4584378569752277,
  "calmar_ratio": -1.6357105652026265,
  "max_drawdown_pct": 32.06674605422647,
  "max_drawdown_currency": 34.151112340000005,
  "avg_trade_duration_minutes": 3419.0,
  "win_rate_pct": 90.39735099337747,
  "loss_rate_pct": 9.602649006622528,
  "total_trades": 302,
  "trades_per_day": 0.41
}