{
  "profit_factor": 0.8234206409956725,
  "expectancy": -0.032104332514792944,
  "sharpe_ratio": -0.41157859951428355,
  "sortino_ratio": -2.264921577056443,
  "calmar_ratio": -1.522550462146762,
  "max_drawdown_pct": 18.652292693369578,
  "max_drawdown_currency": 19.807816919999997,
  "avg_trade_duration_minutes": 1558.0,
  "win_rate_pct": 92.60355029585799,
  "loss_rate_pct": 7.3964497041420145,
  "total_trades": 338,
  "trades_per_day": 0.46
}