{
  "profit_factor": 0.8031128836549795,
  "expectancy": -0.034876096287425135,
  "sharpe_ratio": -0.28768816435856015,
  "sortino_ratio": -0.15900234604763036,
  "calmar_ratio": -1.304595953795556,
  "max_drawdown_pct": 23.368018065194917,
  "max_drawdown_currency": 26.837003059999997,
  "avg_trade_duration_minutes": 2259.0,
  "win_rate_pct": 74.8502994011976,
  "loss_rate_pct": 25.149700598802397,
  "total_trades": 334,
  "trades_per_day": 0.46
}