{
  "profit_factor": 0.7804061818485999,
  "expectancy": -0.036559060994475145,
  "sharpe_ratio": -0.5256132135963711,
  "sortino_ratio": -0.3461155644945361,
  "calmar_ratio": -1.7469580024022449,
  "max_drawdown_pct": 19.826438657935093,
  "max_drawdown_currency": 21.152291440000003,
  "avg_trade_duration_minutes": 1052.0,
  "win_rate_pct": 73.20441988950276,
  "loss_rate_pct": 26.79558011049724,
  "total_trades": 362,
  "trades_per_day": 0.5
}