{
  "profit_factor": 0.795111177003068,
  "expectancy": -0.09570246428571433,
  "sharpe_ratio": -0.4441817474108877,
  "sortino_ratio": -0.6561578885340433,
  "calmar_ratio": -21.253388434820764,
  "max_drawdown_pct": 2.0073271499999947,
  "max_drawdown_currency": 2.00732715,
  "avg_trade_duration_minutes": 1397.0,
  "win_rate_pct": 57.14285714285714,
  "loss_rate_pct": 42.85714285714286,
  "total_trades": 7,
  "trades_per_day": 0.23
}