{
  "profit_factor": 0.7369553647471297,
  "expectancy": -0.05008473485436887,
  "sharpe_ratio": -0.3756369337335106,
  "sortino_ratio": -0.7937178190935321,
  "calmar_ratio": -1.4452880354324447,
  "max_drawdown_pct": 28.024187050022437,
  "max_drawdown_currency": 32.6782173,
  "avg_trade_duration_minutes": 3117.0,
  "win_rate_pct": 96.76375404530745,
  "loss_rate_pct": 3.2362459546925493,
  "total_trades": 309,
  "trades_per_day": 0.42
}