{
  "profit_factor": 0.680925127011986,
  "expectancy": -0.060292209656160445,
  "sharpe_ratio": -4.975086041918624,
  "sortino_ratio": -6.61479173884973,
  "calmar_ratio": -5.177738511763176,
  "max_drawdown_pct": 42.54319254650911,
  "max_drawdown_currency": 42.85074499,
  "avg_trade_duration_minutes": 134.0,
  "win_rate_pct": 43.26647564469914,
  "loss_rate_pct": 56.73352435530086,
  "total_trades": 698,
  "trades_per_day": 1.91
}