{
  "profit_factor": 1.0575023498292844,
  "expectancy": 0.005759400000000053,
  "sharpe_ratio": 0.07495903960453187,
  "sortino_ratio": 0.04190292355171261,
  "calmar_ratio": 0.6359885000793486,
  "max_drawdown_pct": 8.105459822554723,
  "max_drawdown_currency": 8.87268925,
  "avg_trade_duration_minutes": 2416.0,
  "win_rate_pct": 74.26900584795322,
  "loss_rate_pct": 25.730994152046776,
  "total_trades": 171,
  "trades_per_day": 0.47
}