{
  "profit_factor": 0.8076964915951923,
  "expectancy": -0.032056706538461516,
  "sharpe_ratio": -0.5053804799009212,
  "sortino_ratio": -0.363659229622818,
  "calmar_ratio": -1.483333188422976,
  "max_drawdown_pct": 20.587572587877972,
  "max_drawdown_currency": 22.77355995,
  "avg_trade_duration_minutes": 905.0,
  "win_rate_pct": 71.7032967032967,
  "loss_rate_pct": 28.2967032967033,
  "total_trades": 364,
  "trades_per_day": 0.5
}