{
  "profit_factor": 0.7279804409111932,
  "expectancy": -0.06763679808022918,
  "sharpe_ratio": -2.0715205390053884,
  "sortino_ratio": -2.6088406707510665,
  "calmar_ratio": -5.139500598717252,
  "max_drawdown_pct": 24.040368128042857,
  "max_drawdown_currency": 24.178080479999995,
  "avg_trade_duration_minutes": 162.0,
  "win_rate_pct": 47.56446991404012,
  "loss_rate_pct": 52.43553008595988,
  "total_trades": 349,
  "trades_per_day": 0.96
}