{
  "profit_factor": 1.0055326598830026,
  "expectancy": 0.0017106379775280733,
  "sharpe_ratio": 0.025786384305246678,
  "sortino_ratio": 0.0530563147566522,
  "calmar_ratio": 0.17890157065449205,
  "max_drawdown_pct": 13.363148210123498,
  "max_drawdown_currency": 15.387406419999994,
  "avg_trade_duration_minutes": 240.0,
  "win_rate_pct": 36.329588014981276,
  "loss_rate_pct": 63.670411985018724,
  "total_trades": 267,
  "trades_per_day": 0.73
}