{
  "profit_factor": 0.8341685843351079,
  "expectancy": -0.027513687728613623,
  "sharpe_ratio": -0.2842678714994454,
  "sortino_ratio": -0.16442339671331319,
  "calmar_ratio": -1.0796588373633766,
  "max_drawdown_pct": 22.609217419781586,
  "max_drawdown_currency": 25.455232879999997,
  "avg_trade_duration_minutes": 1935.0,
  "win_rate_pct": 74.63126843657817,
  "loss_rate_pct": 25.368731563421832,
  "total_trades": 339,
  "trades_per_day": 0.46
}