{
  "profit_factor": 0.6391525395959968,
  "expectancy": -0.05689460633136098,
  "sharpe_ratio": -0.4821861901837262,
  "sortino_ratio": -0.26263407545115913,
  "calmar_ratio": -2.908098242025729,
  "max_drawdown_pct": 17.30622299027224,
  "max_drawdown_currency": 18.842264500000002,
  "avg_trade_duration_minutes": 2684.0,
  "win_rate_pct": 73.96449704142012,
  "loss_rate_pct": 26.035502958579883,
  "total_trades": 169,
  "trades_per_day": 0.46
}