{
  "profit_factor": 0.6854117787872556,
  "expectancy": -0.022451283642272515,
  "sharpe_ratio": -25.265140169564493,
  "sortino_ratio": -31.5700107791416,
  "calmar_ratio": -5.233551936718681,
  "max_drawdown_pct": 93.27487984000027,
  "max_drawdown_currency": 93.27487984000027,
  "avg_trade_duration_minutes": 104.0,
  "win_rate_pct": 39.84111699566682,
  "loss_rate_pct": 60.15888300433318,
  "total_trades": 4154,
  "trades_per_day": 11.38
}