{
  "profit_factor": 0.8693375449870402,
  "expectancy": -0.06708215907801418,
  "sharpe_ratio": -0.4202562419060691,
  "sortino_ratio": -1.502204588010716,
  "calmar_ratio": -1.5277939147231623,
  "max_drawdown_pct": 32.40521720102817,
  "max_drawdown_currency": 35.99541873,
  "avg_trade_duration_minutes": 3922.0,
  "win_rate_pct": 75.88652482269504,
  "loss_rate_pct": 24.113475177304963,
  "total_trades": 282,
  "trades_per_day": 0.39
}