{
  "profit_factor": 0.6635836651490916,
  "expectancy": -0.051257697396449683,
  "sharpe_ratio": -0.44888944323092356,
  "sortino_ratio": -0.24489787631452753,
  "calmar_ratio": -2.75899683350793,
  "max_drawdown_pct": 16.43418468521195,
  "max_drawdown_currency": 17.89282704,
  "avg_trade_duration_minutes": 2683.0,
  "win_rate_pct": 73.96449704142012,
  "loss_rate_pct": 26.035502958579883,
  "total_trades": 169,
  "trades_per_day": 0.46
}