{
  "profit_factor": 0.578266734021668,
  "expectancy": -0.2982764228571428,
  "sharpe_ratio": -0.9413028528583764,
  "sortino_ratio": -1.110939734168709,
  "calmar_ratio": -40.26260360480941,
  "max_drawdown_pct": 3.302480700000004,
  "max_drawdown_currency": 3.3024807,
  "avg_trade_duration_minutes": 1876.0,
  "win_rate_pct": 42.857142857142854,
  "loss_rate_pct": 57.142857142857146,
  "total_trades": 7,
  "trades_per_day": 0.23
}