{
  "profit_factor": 0.7475873264232427,
  "expectancy": -0.04793004416918431,
  "sharpe_ratio": -0.34847034105234276,
  "sortino_ratio": -0.19050649186108046,
  "calmar_ratio": -1.5058554932519226,
  "max_drawdown_pct": 27.572496961019553,
  "max_drawdown_currency": 32.029494580000005,
  "avg_trade_duration_minutes": 2366.0,
  "win_rate_pct": 74.62235649546828,
  "loss_rate_pct": 25.37764350453172,
  "total_trades": 331,
  "trades_per_day": 0.45
}