{
  "profit_factor": 0.9045057183253381,
  "expectancy": -0.028675925211267606,
  "sharpe_ratio": -0.15749766945310895,
  "sortino_ratio": -0.9044498633876473,
  "calmar_ratio": -1.0150449464229747,
  "max_drawdown_pct": 20.99781368445686,
  "max_drawdown_currency": 22.7835646,
  "avg_trade_duration_minutes": 4575.0,
  "win_rate_pct": 94.71830985915493,
  "loss_rate_pct": 5.281690140845072,
  "total_trades": 284,
  "trades_per_day": 0.39
}