{
  "profit_factor": 0.870538976513045,
  "expectancy": -0.21863508543999965,
  "sharpe_ratio": -0.1790241462208881,
  "sortino_ratio": -0.32375448626787184,
  "calmar_ratio": -1.2318330693098747,
  "max_drawdown_pct": 58.06328231884783,
  "max_drawdown_currency": 100.61575223,
  "avg_trade_duration_minutes": 23209.0,
  "win_rate_pct": 76.0,
  "loss_rate_pct": 24.0,
  "total_trades": 125,
  "trades_per_day": 0.17
}