{
  "profit_factor": 0.8233268068136814,
  "expectancy": -0.022007270059171635,
  "sharpe_ratio": -0.23313648182920782,
  "sortino_ratio": -0.12868673813786202,
  "calmar_ratio": -1.6343235023398404,
  "max_drawdown_pct": 11.911553869056839,
  "max_drawdown_currency": 12.968782890000004,
  "avg_trade_duration_minutes": 2617.0,
  "win_rate_pct": 73.96449704142012,
  "loss_rate_pct": 26.035502958579883,
  "total_trades": 169,
  "trades_per_day": 0.46
}