{
  "profit_factor": 0.8594586225640186,
  "expectancy": -0.11467962225806438,
  "sharpe_ratio": -0.2093841214680893,
  "sortino_ratio": -0.23322969985395253,
  "calmar_ratio": -1.4032037677414704,
  "max_drawdown_pct": 39.783412050473984,
  "max_drawdown_currency": 51.974793520000006,
  "avg_trade_duration_minutes": 12776.0,
  "win_rate_pct": 88.70967741935483,
  "loss_rate_pct": 11.290322580645167,
  "total_trades": 186,
  "trades_per_day": 0.25
}