{
  "profit_factor": 0.771206187253186,
  "expectancy": -0.03998512267045454,
  "sharpe_ratio": -0.4629900839488391,
  "sortino_ratio": -0.28077558855196294,
  "calmar_ratio": -1.630669582088397,
  "max_drawdown_pct": 22.589088047404765,
  "max_drawdown_currency": 24.968253890000007,
  "avg_trade_duration_minutes": 1512.0,
  "win_rate_pct": 73.86363636363636,
  "loss_rate_pct": 26.13636363636364,
  "total_trades": 352,
  "trades_per_day": 0.48
}