{
  "profit_factor": 0.6739335489925548,
  "expectancy": -0.05053935219178085,
  "sharpe_ratio": -0.4006122322742144,
  "sortino_ratio": -0.2172592579275459,
  "calmar_ratio": -2.428438796177929,
  "max_drawdown_pct": 15.904093929028113,
  "max_drawdown_currency": 16.994471179999998,
  "avg_trade_duration_minutes": 2984.0,
  "win_rate_pct": 75.34246575342466,
  "loss_rate_pct": 24.657534246575338,
  "total_trades": 146,
  "trades_per_day": 0.4
}