{
  "profit_factor": 0.719572674955529,
  "expectancy": -0.05156595292613633,
  "sharpe_ratio": -0.5711738657814505,
  "sortino_ratio": -0.34376635948798623,
  "calmar_ratio": -1.84396555964818,
  "max_drawdown_pct": 25.76181624011274,
  "max_drawdown_currency": 28.292077370000015,
  "avg_trade_duration_minutes": 1561.0,
  "win_rate_pct": 73.86363636363636,
  "loss_rate_pct": 26.13636363636364,
  "total_trades": 352,
  "trades_per_day": 0.48
}