{
  "profit_factor": 0.7693719724949224,
  "expectancy": -0.042221880179640736,
  "sharpe_ratio": -0.3378531731650613,
  "sortino_ratio": -0.18617994693362366,
  "calmar_ratio": -1.4595247350179246,
  "max_drawdown_pct": 25.28693244651213,
  "max_drawdown_currency": 28.959591970000005,
  "avg_trade_duration_minutes": 2266.0,
  "win_rate_pct": 74.8502994011976,
  "loss_rate_pct": 25.149700598802397,
  "total_trades": 334,
  "trades_per_day": 0.46
}