{
  "profit_factor": 1.0137925288225815,
  "expectancy": 0.004333286377952772,
  "sharpe_ratio": 0.02881258063652533,
  "sortino_ratio": 0.06187201393574403,
  "calmar_ratio": 0.26619340575238104,
  "max_drawdown_pct": 10.821248929889403,
  "max_drawdown_currency": 12.201114160000001,
  "avg_trade_duration_minutes": 266.0,
  "win_rate_pct": 37.00787401574803,
  "loss_rate_pct": 62.99212598425197,
  "total_trades": 127,
  "trades_per_day": 0.35
}