{
  "profit_factor": 0.3500292392946947,
  "expectancy": -0.17679070472222216,
  "sharpe_ratio": -0.8137596251417274,
  "sortino_ratio": -0.43293498376551415,
  "calmar_ratio": -4.153033336462725,
  "max_drawdown_pct": 32.08559295594159,
  "max_drawdown_currency": 34.17589863,
  "avg_trade_duration_minutes": 3332.0,
  "win_rate_pct": 75.0,
  "loss_rate_pct": 25.0,
  "total_trades": 144,
  "trades_per_day": 0.39
}