{
  "profit_factor": 0.45565111511674605,
  "expectancy": -0.10733931396449706,
  "sharpe_ratio": -1.378802320631259,
  "sortino_ratio": -0.946214755709757,
  "calmar_ratio": -4.185509377502908,
  "max_drawdown_pct": 22.68562602214522,
  "max_drawdown_currency": 23.71952091,
  "avg_trade_duration_minutes": 1254.0,
  "win_rate_pct": 68.63905325443787,
  "loss_rate_pct": 31.36094674556213,
  "total_trades": 169,
  "trades_per_day": 0.46
}