{
  "profit_factor": 0.9319422001409304,
  "expectancy": -0.010912580676923106,
  "sharpe_ratio": -0.093286751019309,
  "sortino_ratio": -0.29056879637361377,
  "calmar_ratio": -0.4622488079500151,
  "max_drawdown_pct": 20.079763838323853,
  "max_drawdown_currency": 24.08834766999999,
  "avg_trade_duration_minutes": 2470.0,
  "win_rate_pct": 97.23076923076923,
  "loss_rate_pct": 2.7692307692307736,
  "total_trades": 325,
  "trades_per_day": 0.45
}