{
  "profit_factor": 0.7049188593664198,
  "expectancy": -0.02261967189353426,
  "sharpe_ratio": -23.186798500679863,
  "sortino_ratio": -28.38487858467886,
  "calmar_ratio": -5.232984014307759,
  "max_drawdown_pct": 93.07965140000029,
  "max_drawdown_currency": 93.07965140000029,
  "avg_trade_duration_minutes": 108.0,
  "win_rate_pct": 41.49246475449684,
  "loss_rate_pct": 58.50753524550316,
  "total_trades": 4114,
  "trades_per_day": 11.27
}