{
  "profit_factor": 0.817294438709303,
  "expectancy": -0.03236444302395211,
  "sharpe_ratio": -0.25385795560250374,
  "sortino_ratio": -0.13903274134552288,
  "calmar_ratio": -1.172247572481325,
  "max_drawdown_pct": 24.133417954188154,
  "max_drawdown_currency": 28.261869160000007,
  "avg_trade_duration_minutes": 2285.0,
  "win_rate_pct": 74.8502994011976,
  "loss_rate_pct": 25.149700598802397,
  "total_trades": 334,
  "trades_per_day": 0.46
}