{
  "profit_factor": 0.030484056664048954,
  "expectancy": -1.4307410775,
  "sharpe_ratio": -1.647629846032091,
  "sortino_ratio": -1.5726097181908858,
  "calmar_ratio": -63.68324391514272,
  "max_drawdown_pct": 5.722964309999995,
  "max_drawdown_currency": 5.72296431,
  "avg_trade_duration_minutes": 4476.0,
  "win_rate_pct": 25.0,
  "loss_rate_pct": 75.0,
  "total_trades": 4,
  "trades_per_day": 0.13
}