{
  "profit_factor": 0.5590752063258385,
  "expectancy": -0.24672981428571433,
  "sharpe_ratio": -0.9909937664397278,
  "sortino_ratio": -1.1518441174859986,
  "calmar_ratio": -41.431705451133205,
  "max_drawdown_pct": 2.654679150000007,
  "max_drawdown_currency": 2.65467915,
  "avg_trade_duration_minutes": 1569.0,
  "win_rate_pct": 57.14285714285714,
  "loss_rate_pct": 42.85714285714286,
  "total_trades": 7,
  "trades_per_day": 0.23
}