{
  "profit_factor": 0.23340696284719978,
  "expectancy": -0.9949012779999998,
  "sharpe_ratio": -1.3900920530582945,
  "sortino_ratio": -1.383318545688338,
  "calmar_ratio": -49.55854759709372,
  "max_drawdown_pct": 6.392291928474184,
  "max_drawdown_currency": 6.4891098,
  "avg_trade_duration_minutes": 5984.0,
  "win_rate_pct": 40.0,
  "loss_rate_pct": 60.0,
  "total_trades": 5,
  "trades_per_day": 0.17
}