{
  "profit_factor": 0.7481176446909487,
  "expectancy": -0.13638362882882882,
  "sharpe_ratio": -0.38723237778418457,
  "sortino_ratio": -0.5144955476833248,
  "calmar_ratio": -1.7370544371960146,
  "max_drawdown_pct": 45.61685703082304,
  "max_drawdown_currency": 57.113740669999984,
  "avg_trade_duration_minutes": 9036.0,
  "win_rate_pct": 92.34234234234235,
  "loss_rate_pct": 7.657657657657651,
  "total_trades": 222,
  "trades_per_day": 0.3
}