{
  "profit_factor": 0.7834202376905863,
  "expectancy": -0.028282367692307714,
  "sharpe_ratio": -0.2866388823908852,
  "sortino_ratio": -0.15773625044051925,
  "calmar_ratio": -1.9420601656876841,
  "max_drawdown_pct": 12.882298441440664,
  "max_drawdown_currency": 14.025687450000003,
  "avg_trade_duration_minutes": 2628.0,
  "win_rate_pct": 73.96449704142012,
  "loss_rate_pct": 26.035502958579883,
  "total_trades": 169,
  "trades_per_day": 0.46
}