{
  "profit_factor": 0.8926651640903698,
  "expectancy": -0.07107271958333361,
  "sharpe_ratio": -0.2771294092110083,
  "sortino_ratio": -0.7141653990555098,
  "calmar_ratio": -1.3849089812505275,
  "max_drawdown_pct": 32.23417178495401,
  "max_drawdown_currency": 38.15496582,
  "avg_trade_duration_minutes": 6668.0,
  "win_rate_pct": 78.75,
  "loss_rate_pct": 21.25,
  "total_trades": 240,
  "trades_per_day": 0.33
}