{
  "profit_factor": 0.9134824449983799,
  "expectancy": -0.0099096406936416,
  "sharpe_ratio": -0.1272292222483338,
  "sortino_ratio": -0.071354541728001,
  "calmar_ratio": -0.8318260132315792,
  "max_drawdown_pct": 10.787606125579208,
  "max_drawdown_currency": 11.83856324,
  "avg_trade_duration_minutes": 2267.0,
  "win_rate_pct": 74.56647398843931,
  "loss_rate_pct": 25.433526011560687,
  "total_trades": 173,
  "trades_per_day": 0.47
}