{
  "profit_factor": 0.4271616726204455,
  "expectancy": -0.1305100883333333,
  "sharpe_ratio": -0.7133295565479473,
  "sortino_ratio": -0.38160109860555147,
  "calmar_ratio": -3.7805902384931085,
  "max_drawdown_pct": 26.01959514564316,
  "max_drawdown_currency": 27.71471443,
  "avg_trade_duration_minutes": 3312.0,
  "win_rate_pct": 75.0,
  "loss_rate_pct": 25.0,
  "total_trades": 144,
  "trades_per_day": 0.39
}