{
  "profit_factor": 0.6850282173804907,
  "expectancy": -0.046564330414201174,
  "sharpe_ratio": -0.4196822296971731,
  "sortino_ratio": -0.22930248973452813,
  "calmar_ratio": -2.622074522239434,
  "max_drawdown_pct": 15.709002325745633,
  "max_drawdown_currency": 17.103279960000002,
  "avg_trade_duration_minutes": 2676.0,
  "win_rate_pct": 73.96449704142012,
  "loss_rate_pct": 26.035502958579883,
  "total_trades": 169,
  "trades_per_day": 0.46
}