{
  "profit_factor": 0.761381162364551,
  "expectancy": -0.040375338885793866,
  "sharpe_ratio": -0.5520446341760413,
  "sortino_ratio": -0.3555074514122265,
  "calmar_ratio": -1.9548149842829323,
  "max_drawdown_pct": 19.40566553543079,
  "max_drawdown_currency": 20.346644599999998,
  "avg_trade_duration_minutes": 1159.0,
  "win_rate_pct": 73.25905292479109,
  "loss_rate_pct": 26.740947075208908,
  "total_trades": 359,
  "trades_per_day": 0.49
}