{
  "profit_factor": 0.6050099804323255,
  "expectancy": -0.06577683644578315,
  "sharpe_ratio": -0.5172450699210661,
  "sortino_ratio": -0.2832142797779594,
  "calmar_ratio": -3.1435355988528495,
  "max_drawdown_pct": 18.180936714246418,
  "max_drawdown_currency": 19.79461484,
  "avg_trade_duration_minutes": 2850.0,
  "win_rate_pct": 73.49397590361446,
  "loss_rate_pct": 26.506024096385545,
  "total_trades": 166,
  "trades_per_day": 0.45
}