{
  "profit_factor": 0.7126555539600248,
  "expectancy": -0.05088021588059699,
  "sharpe_ratio": -0.5316406829102882,
  "sortino_ratio": -1.3499853395839212,
  "calmar_ratio": -1.5953385343820856,
  "max_drawdown_pct": 27.961757763343154,
  "max_drawdown_currency": 31.97157254,
  "avg_trade_duration_minutes": 1974.0,
  "win_rate_pct": 95.22388059701493,
  "loss_rate_pct": 4.776119402985074,
  "total_trades": 335,
  "trades_per_day": 0.46
}