{
  "profit_factor": 0.48821986039357174,
  "expectancy": -0.10316681486111112,
  "sharpe_ratio": -0.6343491617537935,
  "sortino_ratio": -0.3409720284711921,
  "calmar_ratio": -3.4645833447747245,
  "max_drawdown_pct": 22.444248528742886,
  "max_drawdown_currency": 23.90644186,
  "avg_trade_duration_minutes": 3241.0,
  "win_rate_pct": 75.0,
  "loss_rate_pct": 25.0,
  "total_trades": 144,
  "trades_per_day": 0.39
}