{
  "profit_factor": 0.884739352479295,
  "expectancy": -0.022130921766561534,
  "sharpe_ratio": -0.15528867982417918,
  "sortino_ratio": -0.4684441731487812,
  "calmar_ratio": -0.8089275156857954,
  "max_drawdown_pct": 22.69722323236307,
  "max_drawdown_currency": 27.174905549999995,
  "avg_trade_duration_minutes": 2937.0,
  "win_rate_pct": 97.16088328075709,
  "loss_rate_pct": 2.8391167192429094,
  "total_trades": 317,
  "trades_per_day": 0.43
}