{
  "profit_factor": 0.7940757564177237,
  "expectancy": -0.0511979318811881,
  "sharpe_ratio": -0.34175442946777396,
  "sortino_ratio": -0.6776341182572491,
  "calmar_ratio": -1.2668077691126742,
  "max_drawdown_pct": 32.04851424623083,
  "max_drawdown_currency": 39.208104739999996,
  "avg_trade_duration_minutes": 3373.0,
  "win_rate_pct": 95.37953795379538,
  "loss_rate_pct": 4.620462046204622,
  "total_trades": 303,
  "trades_per_day": 0.42
}