{
  "profit_factor": 0.04276133984048651,
  "expectancy": -1.028022465,
  "sharpe_ratio": -1.7285094511760926,
  "sortino_ratio": -1.687634902763741,
  "calmar_ratio": -63.683243915142704,
  "max_drawdown_pct": 4.1120898599999975,
  "max_drawdown_currency": 4.11208986,
  "avg_trade_duration_minutes": 4140.0,
  "win_rate_pct": 25.0,
  "loss_rate_pct": 75.0,
  "total_trades": 4,
  "trades_per_day": 0.13
}