{
  "profit_factor": 0.5927023170804353,
  "expectancy": -0.050298290957446784,
  "sharpe_ratio": -0.7559793809524162,
  "sortino_ratio": -0.4039664367646308,
  "calmar_ratio": -3.0779146127947543,
  "max_drawdown_pct": 16.080815838427615,
  "max_drawdown_currency": 17.274827789999993,
  "avg_trade_duration_minutes": 1398.0,
  "win_rate_pct": 77.12765957446808,
  "loss_rate_pct": 22.872340425531917,
  "total_trades": 188,
  "trades_per_day": 0.52
}