{
  "profit_factor": 0.6792245757599159,
  "expectancy": -0.046039848288770044,
  "sharpe_ratio": -0.8291923611648352,
  "sortino_ratio": -0.5651219828817855,
  "calmar_ratio": -2.7788726133251274,
  "max_drawdown_pct": 16.216622963990694,
  "max_drawdown_currency": 17.59167463,
  "avg_trade_duration_minutes": 1089.0,
  "win_rate_pct": 70.58823529411765,
  "loss_rate_pct": 29.411764705882348,
  "total_trades": 187,
  "trades_per_day": 0.51
}