{
  "profit_factor": 508.3583708927013,
  "expectancy": 0.06203752666666666,
  "sharpe_ratio": 5.332845976990636,
  "sortino_ratio": -100.0,
  "calmar_ratio": 32490.982643965184,
  "max_drawdown_pct": 0.001094357744518809,
  "max_drawdown_currency": 0.0011004799999999593,
  "avg_trade_duration_minutes": 228.0,
  "win_rate_pct": 88.88888888888889,
  "loss_rate_pct": 11.111111111111114,
  "total_trades": 9,
  "trades_per_day": 0.3
}