{
  "profit_factor": 0.023961651133532103,
  "expectancy": -1.8324367450000003,
  "sharpe_ratio": -1.6027298980625782,
  "sortino_ratio": -1.5136668126703579,
  "calmar_ratio": -63.683243915142704,
  "max_drawdown_pct": 7.329746979999996,
  "max_drawdown_currency": 7.32974698,
  "avg_trade_duration_minutes": 5052.0,
  "win_rate_pct": 25.0,
  "loss_rate_pct": 75.0,
  "total_trades": 4,
  "trades_per_day": 0.13
}