{
  "profit_factor": 0.7490745699260396,
  "expectancy": -0.058388550707371534,
  "sharpe_ratio": -6.586177265692285,
  "sortino_ratio": -8.393785000302337,
  "calmar_ratio": -5.205979210963293,
  "max_drawdown_pct": 39.618841311557745,
  "max_drawdown_currency": 78.84149420999991,
  "avg_trade_duration_minutes": 107.0,
  "win_rate_pct": 41.39985107967237,
  "loss_rate_pct": 58.60014892032763,
  "total_trades": 1343,
  "trades_per_day": 3.68
}