{
  "profit_factor": 0.8509619192654355,
  "expectancy": -0.05665788007874023,
  "sharpe_ratio": -0.21981833382449917,
  "sortino_ratio": -0.20343790833756345,
  "calmar_ratio": -1.1508847667402726,
  "max_drawdown_pct": 32.72546060278512,
  "max_drawdown_currency": 39.95257980000001,
  "avg_trade_duration_minutes": 6353.0,
  "win_rate_pct": 94.48818897637796,
  "loss_rate_pct": 5.511811023622045,
  "total_trades": 254,
  "trades_per_day": 0.35
}