{
  "profit_factor": 0.8550716956624298,
  "expectancy": -0.0231603416052632,
  "sharpe_ratio": -4.364914455745412,
  "sortino_ratio": -6.119194973896453,
  "calmar_ratio": -3.961907955426899,
  "max_drawdown_pct": 45.42631430483804,
  "max_drawdown_currency": 50.911924809999974,
  "avg_trade_duration_minutes": 96.0,
  "win_rate_pct": 45.78947368421053,
  "loss_rate_pct": 54.21052631578947,
  "total_trades": 1520,
  "trades_per_day": 4.11
}