{
  "profit_factor": 0.7211066876810281,
  "expectancy": -0.04058422972602738,
  "sharpe_ratio": -0.34108078194604513,
  "sortino_ratio": -0.18582884645009184,
  "calmar_ratio": -2.0841291314687895,
  "max_drawdown_pct": 14.881239526243755,
  "max_drawdown_currency": 15.958266599999998,
  "avg_trade_duration_minutes": 2949.0,
  "win_rate_pct": 75.34246575342466,
  "loss_rate_pct": 24.657534246575338,
  "total_trades": 146,
  "trades_per_day": 0.4
}