{
  "profit_factor": 0.6941357851730372,
  "expectancy": -0.039340513489011006,
  "sharpe_ratio": -0.7265048936079093,
  "sortino_ratio": -3.7860094470660606,
  "calmar_ratio": -1.9038625876644395,
  "max_drawdown_pct": 19.68472628087824,
  "max_drawdown_currency": 20.736917020000003,
  "avg_trade_duration_minutes": 961.0,
  "win_rate_pct": 93.4065934065934,
  "loss_rate_pct": 6.593406593406598,
  "total_trades": 364,
  "trades_per_day": 0.5
}