{
  "profit_factor": 0.4441282226159885,
  "expectancy": -0.12234897861111112,
  "sharpe_ratio": -0.6913881794686981,
  "sortino_ratio": -0.3703416748057571,
  "calmar_ratio": -3.6936109391877987,
  "max_drawdown_pct": 24.96693670341117,
  "max_drawdown_currency": 26.59347761,
  "avg_trade_duration_minutes": 3304.0,
  "win_rate_pct": 75.0,
  "loss_rate_pct": 25.0,
  "total_trades": 144,
  "trades_per_day": 0.39
}