{
  "profit_factor": 0.7589663827855121,
  "expectancy": -0.045181994341317366,
  "sharpe_ratio": -0.3361115445957251,
  "sortino_ratio": -0.1832406560645612,
  "calmar_ratio": -1.4422161965246714,
  "max_drawdown_pct": 27.38451585726242,
  "max_drawdown_currency": 31.896108560000005,
  "avg_trade_duration_minutes": 2290.0,
  "win_rate_pct": 74.8502994011976,
  "loss_rate_pct": 25.149700598802397,
  "total_trades": 334,
  "trades_per_day": 0.46
}