{
  "profit_factor": 0.7403624587197465,
  "expectancy": -0.05306856135014837,
  "sharpe_ratio": -3.768241959128454,
  "sortino_ratio": -5.138832611490813,
  "calmar_ratio": -4.872760807168333,
  "max_drawdown_pct": 38.421621143165865,
  "max_drawdown_currency": 40.07720783000003,
  "avg_trade_duration_minutes": 113.0,
  "win_rate_pct": 42.72997032640949,
  "loss_rate_pct": 57.27002967359051,
  "total_trades": 674,
  "trades_per_day": 1.85
}