{
  "profit_factor": 0.9953455649393189,
  "expectancy": -0.0004938962573099032,
  "sharpe_ratio": -0.006099470160480743,
  "sortino_ratio": -0.0033915347589328964,
  "calmar_ratio": -0.04999606682688532,
  "max_drawdown_pct": 8.841980920132649,
  "max_drawdown_currency": 9.653718990000002,
  "avg_trade_duration_minutes": 2420.0,
  "win_rate_pct": 74.26900584795322,
  "loss_rate_pct": 25.730994152046776,
  "total_trades": 171,
  "trades_per_day": 0.47
}