{
  "profit_factor": 0.0349364287141666,
  "expectancy": -1.2685602349999998,
  "sharpe_ratio": -1.6712637266609083,
  "sortino_ratio": -1.6062367819968353,
  "calmar_ratio": -63.68324391514271,
  "max_drawdown_pct": 5.074240939999996,
  "max_drawdown_currency": 5.074240939999999,
  "avg_trade_duration_minutes": 4401.0,
  "win_rate_pct": 25.0,
  "loss_rate_pct": 75.0,
  "total_trades": 4,
  "trades_per_day": 0.13
}