{
  "profit_factor": 0.7183818294610441,
  "expectancy": -0.04932296740223463,
  "sharpe_ratio": -0.6437155496443251,
  "sortino_ratio": -0.40803718818253865,
  "calmar_ratio": -2.2018315786572167,
  "max_drawdown_pct": 20.988031130931514,
  "max_drawdown_currency": 21.67022629,
  "avg_trade_duration_minutes": 1249.0,
  "win_rate_pct": 73.18435754189943,
  "loss_rate_pct": 26.81564245810057,
  "total_trades": 358,
  "trades_per_day": 0.49
}