{
  "profit_factor": 0.5525979642735055,
  "expectancy": -0.08181683653846156,
  "sharpe_ratio": -0.6966367329710822,
  "sortino_ratio": -0.3966815290712616,
  "calmar_ratio": -3.0853954139913213,
  "max_drawdown_pct": 21.652598347774287,
  "max_drawdown_currency": 23.29815253,
  "avg_trade_duration_minutes": 2359.0,
  "win_rate_pct": 73.71794871794873,
  "loss_rate_pct": 26.28205128205127,
  "total_trades": 156,
  "trades_per_day": 0.43
}