{
  "profit_factor": 0.9081635719728538,
  "expectancy": -0.021228817049999932,
  "sharpe_ratio": -0.34193418005758813,
  "sortino_ratio": -0.38647955565279885,
  "calmar_ratio": -1.767443163290512,
  "max_drawdown_pct": 12.573723357048738,
  "max_drawdown_currency": 13.771457819999998,
  "avg_trade_duration_minutes": 155.0,
  "win_rate_pct": 53.5,
  "loss_rate_pct": 46.5,
  "total_trades": 200,
  "trades_per_day": 0.55
}