{
  "profit_factor": 0.779833291361359,
  "expectancy": -0.04210781516034984,
  "sharpe_ratio": -0.4786782584047331,
  "sortino_ratio": -1.9155810569036598,
  "calmar_ratio": -1.5651103191446492,
  "max_drawdown_pct": 24.15101819684466,
  "max_drawdown_currency": 26.9027594,
  "avg_trade_duration_minutes": 1730.0,
  "win_rate_pct": 93.58600583090379,
  "loss_rate_pct": 6.413994169096213,
  "total_trades": 343,
  "trades_per_day": 0.47
}