{
  "profit_factor": 0.6469314034213424,
  "expectancy": -0.06050812924764892,
  "sharpe_ratio": -0.45953395224907867,
  "sortino_ratio": -0.731765879151076,
  "calmar_ratio": -1.5672310129175169,
  "max_drawdown_pct": 32.23257219062043,
  "max_drawdown_currency": 38.14011287999999,
  "avg_trade_duration_minutes": 2691.0,
  "win_rate_pct": 97.4921630094044,
  "loss_rate_pct": 2.5078369905956066,
  "total_trades": 319,
  "trades_per_day": 0.44
}