{
  "profit_factor": 0.6844254656510054,
  "expectancy": -0.1682125542276423,
  "sharpe_ratio": -0.6525235684349835,
  "sortino_ratio": -0.8529226295539684,
  "calmar_ratio": -2.2759821993873453,
  "max_drawdown_pct": 47.58260597703097,
  "max_drawdown_currency": 52.916898899999985,
  "avg_trade_duration_minutes": 7203.0,
  "win_rate_pct": 88.21138211382113,
  "loss_rate_pct": 11.78861788617887,
  "total_trades": 246,
  "trades_per_day": 0.34
}