{
  "profit_factor": 0.715456570652762,
  "expectancy": -0.04094901394495415,
  "sharpe_ratio": -0.37387216556337916,
  "sortino_ratio": -0.9020739041801138,
  "calmar_ratio": -1.4505612343421095,
  "max_drawdown_pct": 24.15898622646509,
  "max_drawdown_currency": 27.435152700000003,
  "avg_trade_duration_minutes": 2451.0,
  "win_rate_pct": 97.55351681957187,
  "loss_rate_pct": 2.4464831804281317,
  "total_trades": 327,
  "trades_per_day": 0.45
}