{
  "profit_factor": 385.44041665816206,
  "expectancy": 0.070630835,
  "sharpe_ratio": 4.616980051569757,
  "sortino_ratio": 489.69490077068093,
  "calmar_ratio": 24622.282365759893,
  "max_drawdown_pct": 0.0014614406987680983,
  "max_drawdown_currency": 0.0014697200000000077,
  "avg_trade_duration_minutes": 251.0,
  "win_rate_pct": 75.0,
  "loss_rate_pct": 25.0,
  "total_trades": 8,
  "trades_per_day": 0.27
}