{
  "profit_factor": 0.8942576402220915,
  "expectancy": -0.06252517846153838,
  "sharpe_ratio": -0.31612781870736617,
  "sortino_ratio": -1.1524532264267322,
  "calmar_ratio": -1.5076840490195345,
  "max_drawdown_pct": 28.218993528489488,
  "max_drawdown_currency": 31.25236054999999,
  "avg_trade_duration_minutes": 5123.0,
  "win_rate_pct": 75.0,
  "loss_rate_pct": 25.0,
  "total_trades": 260,
  "trades_per_day": 0.36
}