{
  "profit_factor": 1.2853422442778557,
  "expectancy": 0.06085059174999996,
  "sharpe_ratio": 4.930666887005385,
  "sortino_ratio": 6.829103529920996,
  "calmar_ratio": 77.54547450307302,
  "max_drawdown_pct": 3.958240142448097,
  "max_drawdown_currency": 4.05580727,
  "avg_trade_duration_minutes": 90.0,
  "win_rate_pct": 55.00000000000001,
  "loss_rate_pct": 44.99999999999999,
  "total_trades": 80,
  "trades_per_day": 2.67
}