{
  "profit_factor": 1.6207066273814545,
  "expectancy": 2.8611099589999993,
  "sharpe_ratio": 3.7185259818671277,
  "sortino_ratio": 37.15022472218274,
  "calmar_ratio": 219.66727159063055,
  "max_drawdown_pct": 3.5548197586223336,
  "max_drawdown_currency": 37.913009770000016,
  "avg_trade_duration_minutes": 254.0,
  "win_rate_pct": 40.0,
  "loss_rate_pct": 60.0,
  "total_trades": 10,
  "trades_per_day": 1.43
}