{
  "profit_factor": 0.7652496483743106,
  "expectancy": -0.04287414778443113,
  "sharpe_ratio": -0.3594748095814505,
  "sortino_ratio": -0.20099685310275567,
  "calmar_ratio": -1.4481823466479347,
  "max_drawdown_pct": 25.878690129860342,
  "max_drawdown_currency": 29.798268970000002,
  "avg_trade_duration_minutes": 2232.0,
  "win_rate_pct": 74.55089820359282,
  "loss_rate_pct": 25.449101796407177,
  "total_trades": 334,
  "trades_per_day": 0.46
}