{
  "profit_factor": 0.8088699385866118,
  "expectancy": -0.08691402060283687,
  "sharpe_ratio": -0.5340817873862709,
  "sortino_ratio": -1.4417041918480795,
  "calmar_ratio": -1.9435599829501755,
  "max_drawdown_pct": 33.00384756192912,
  "max_drawdown_currency": 35.71209216,
  "avg_trade_duration_minutes": 4347.0,
  "win_rate_pct": 83.33333333333334,
  "loss_rate_pct": 16.666666666666657,
  "total_trades": 282,
  "trades_per_day": 0.39
}