{
  "profit_factor": 0.7381109970748396,
  "expectancy": -0.047116699999999984,
  "sharpe_ratio": -0.49824342611960376,
  "sortino_ratio": -0.2932711855702514,
  "calmar_ratio": -1.8099540571151909,
  "max_drawdown_pct": 23.30005747964234,
  "max_drawdown_currency": 25.38419641,
  "avg_trade_duration_minutes": 1815.0,
  "win_rate_pct": 74.56140350877193,
  "loss_rate_pct": 25.43859649122807,
  "total_trades": 342,
  "trades_per_day": 0.47
}