{
  "profit_factor": 0.78633134489482,
  "expectancy": -0.027242278043478257,
  "sharpe_ratio": -0.42918750291198005,
  "sortino_ratio": -0.2639090922571263,
  "calmar_ratio": -1.9495454556082321,
  "max_drawdown_pct": 13.458028581347433,
  "max_drawdown_currency": 14.599171510000003,
  "avg_trade_duration_minutes": 1489.0,
  "win_rate_pct": 72.28260869565217,
  "loss_rate_pct": 27.717391304347828,
  "total_trades": 184,
  "trades_per_day": 0.5
}