{
  "profit_factor": 5.539677895533879,
  "expectancy": 0.3340971975,
  "sharpe_ratio": 4.879014167550607,
  "sortino_ratio": -100.0,
  "calmar_ratio": 298.53056397908125,
  "max_drawdown_pct": 0.5701632164202518,
  "max_drawdown_currency": 0.5887593,
  "avg_trade_duration_minutes": 678.0,
  "win_rate_pct": 87.5,
  "loss_rate_pct": 12.5,
  "total_trades": 8,
  "trades_per_day": 0.27
}