{
  "profit_factor": 0.5078098340875581,
  "expectancy": -0.052896409435483856,
  "sharpe_ratio": -1.0039080371886182,
  "sortino_ratio": -3.4468151271139753,
  "calmar_ratio": -2.2685755931303304,
  "max_drawdown_pct": 22.700710496397843,
  "max_drawdown_currency": 23.5025328,
  "avg_trade_duration_minutes": 848.0,
  "win_rate_pct": 95.43010752688173,
  "loss_rate_pct": 4.569892473118273,
  "total_trades": 372,
  "trades_per_day": 0.51
}