{
  "profit_factor": 0.61491678636858,
  "expectancy": -0.06295742366863899,
  "sharpe_ratio": -0.5153322018212317,
  "sortino_ratio": -0.28023358274103294,
  "calmar_ratio": -3.052517845782886,
  "max_drawdown_pct": 18.2443757602245,
  "max_drawdown_currency": 19.86368452,
  "avg_trade_duration_minutes": 2690.0,
  "win_rate_pct": 73.96449704142012,
  "loss_rate_pct": 26.035502958579883,
  "total_trades": 169,
  "trades_per_day": 0.46
}