{
  "profit_factor": 0.8882834534652327,
  "expectancy": -0.020218373794212208,
  "sharpe_ratio": -0.14165676861724089,
  "sortino_ratio": -0.30560608815660684,
  "calmar_ratio": -0.6186793075571324,
  "max_drawdown_pct": 26.59895604591534,
  "max_drawdown_currency": 33.70297563000001,
  "avg_trade_duration_minutes": 2993.0,
  "win_rate_pct": 97.42765273311898,
  "loss_rate_pct": 2.5723472668810246,
  "total_trades": 311,
  "trades_per_day": 0.43
}