{
  "profit_factor": 0.6355044922137568,
  "expectancy": -0.03954240562814072,
  "sharpe_ratio": -1.200069636649837,
  "sortino_ratio": -0.9378205098790175,
  "calmar_ratio": -3.2700781939275694,
  "max_drawdown_pct": 12.595389245103922,
  "max_drawdown_currency": 13.17257662,
  "avg_trade_duration_minutes": 263.0,
  "win_rate_pct": 66.33165829145729,
  "loss_rate_pct": 33.66834170854271,
  "total_trades": 199,
  "trades_per_day": 0.55
}