{
  "profit_factor": 0.6764120153592071,
  "expectancy": -0.1453034249438201,
  "sharpe_ratio": -0.7277782646658559,
  "sortino_ratio": -0.9992584697665465,
  "calmar_ratio": -2.1870275887111488,
  "max_drawdown_pct": 46.425482180329865,
  "max_drawdown_currency": 49.40698386999999,
  "avg_trade_duration_minutes": 5780.0,
  "win_rate_pct": 88.38951310861424,
  "loss_rate_pct": 11.610486891385762,
  "total_trades": 267,
  "trades_per_day": 0.37
}