{
  "profit_factor": 1.0009620183573822,
  "expectancy": 0.0002804959420290021,
  "sharpe_ratio": 0.0013519104117772527,
  "sortino_ratio": 0.005499876353416395,
  "calmar_ratio": 0.010275399205185097,
  "max_drawdown_pct": 19.717894261396548,
  "max_drawdown_currency": 23.78819779000001,
  "avg_trade_duration_minutes": 4933.0,
  "win_rate_pct": 96.01449275362319,
  "loss_rate_pct": 3.9855072463768124,
  "total_trades": 276,
  "trades_per_day": 0.38
}