{
  "profit_factor": 0.3253503823594961,
  "expectancy": -0.8759647640000001,
  "sharpe_ratio": -1.175172921817283,
  "sortino_ratio": -1.218343808709534,
  "calmar_ratio": -43.87134796186239,
  "max_drawdown_pct": 6.357711845938262,
  "max_drawdown_currency": 6.49199778,
  "avg_trade_duration_minutes": 6190.0,
  "win_rate_pct": 40.0,
  "loss_rate_pct": 60.0,
  "total_trades": 5,
  "trades_per_day": 0.17
}