{
  "profit_factor": 0.7234800703066487,
  "expectancy": -0.038589890874316995,
  "sharpe_ratio": -0.49831577114828024,
  "sortino_ratio": -0.28940770989374376,
  "calmar_ratio": -2.330557486528797,
  "max_drawdown_pct": 15.86055528432468,
  "max_drawdown_currency": 17.45106003,
  "avg_trade_duration_minutes": 1790.0,
  "win_rate_pct": 73.224043715847,
  "loss_rate_pct": 26.775956284152997,
  "total_trades": 183,
  "trades_per_day": 0.5
}