{
  "profit_factor": 0.4782959322961495,
  "expectancy": -0.10077327777108436,
  "sharpe_ratio": -1.026607851666893,
  "sortino_ratio": -0.6285340505683689,
  "calmar_ratio": -3.774559327219614,
  "max_drawdown_pct": 23.19747870388711,
  "max_drawdown_currency": 24.25473376,
  "avg_trade_duration_minutes": 1656.0,
  "win_rate_pct": 71.08433734939759,
  "loss_rate_pct": 28.915662650602414,
  "total_trades": 166,
  "trades_per_day": 0.45
}