{
  "profit_factor": 0.7360003010812747,
  "expectancy": -0.12717921349397587,
  "sharpe_ratio": -0.49032845883100923,
  "sortino_ratio": -0.5508561039789406,
  "calmar_ratio": -1.9414943355597531,
  "max_drawdown_pct": 42.68771675854749,
  "max_drawdown_currency": 47.95252620999999,
  "avg_trade_duration_minutes": 7035.0,
  "win_rate_pct": 90.76305220883533,
  "loss_rate_pct": 9.236947791164667,
  "total_trades": 249,
  "trades_per_day": 0.34
}