{
  "profit_factor": 0.5747433462356512,
  "expectancy": -0.07381667361111112,
  "sharpe_ratio": -0.5232117602393647,
  "sortino_ratio": -0.2833268559745349,
  "calmar_ratio": -2.993805149830815,
  "max_drawdown_pct": 18.584333891279712,
  "max_drawdown_currency": 19.79506229,
  "avg_trade_duration_minutes": 3214.0,
  "win_rate_pct": 75.0,
  "loss_rate_pct": 25.0,
  "total_trades": 144,
  "trades_per_day": 0.39
}