{
  "profit_factor": 0.8183833080183104,
  "expectancy": -0.167170231043956,
  "sharpe_ratio": -0.28016277928463545,
  "sortino_ratio": -0.33233533557287914,
  "calmar_ratio": -1.5842808128844796,
  "max_drawdown_pct": 50.25991389857555,
  "max_drawdown_currency": 70.30213829,
  "avg_trade_duration_minutes": 12902.0,
  "win_rate_pct": 87.36263736263736,
  "loss_rate_pct": 12.637362637362642,
  "total_trades": 182,
  "trades_per_day": 0.25
}