{
  "profit_factor": 0.4166534627562484,
  "expectancy": -0.70437378,
  "sharpe_ratio": -1.1909218490429767,
  "sortino_ratio": -1.1439100962403084,
  "calmar_ratio": -45.74381010404812,
  "max_drawdown_pct": 6.864265349999997,
  "max_drawdown_currency": 6.86426535,
  "avg_trade_duration_minutes": 2484.0,
  "win_rate_pct": 42.857142857142854,
  "loss_rate_pct": 57.142857142857146,
  "total_trades": 7,
  "trades_per_day": 0.23
}