{
  "profit_factor": 0.8094314243577034,
  "expectancy": -0.034624521804281355,
  "sharpe_ratio": -0.24597992002513167,
  "sortino_ratio": -0.13387145839463502,
  "calmar_ratio": -1.1485018677698,
  "max_drawdown_pct": 25.80021963415055,
  "max_drawdown_currency": 30.83440712,
  "avg_trade_duration_minutes": 2474.0,
  "win_rate_pct": 74.61773700305811,
  "loss_rate_pct": 25.38226299694189,
  "total_trades": 327,
  "trades_per_day": 0.45
}