{
  "profit_factor": 0.5138723028224229,
  "expectancy": -0.09343892909722226,
  "sharpe_ratio": -0.6012699293478311,
  "sortino_ratio": -0.3238827293343491,
  "calmar_ratio": -3.3287860481204263,
  "max_drawdown_pct": 21.15719211764002,
  "max_drawdown_currency": 22.53553656,
  "avg_trade_duration_minutes": 3228.0,
  "win_rate_pct": 75.0,
  "loss_rate_pct": 25.0,
  "total_trades": 144,
  "trades_per_day": 0.39
}