{
  "profit_factor": 0.6632163834532848,
  "expectancy": -0.048491503979057576,
  "sharpe_ratio": -0.9555453248238666,
  "sortino_ratio": -0.685013044948282,
  "calmar_ratio": -2.855616252613078,
  "max_drawdown_pct": 16.976679277343948,
  "max_drawdown_currency": 18.416178189999997,
  "avg_trade_duration_minutes": 940.0,
  "win_rate_pct": 69.63350785340315,
  "loss_rate_pct": 30.366492146596855,
  "total_trades": 191,
  "trades_per_day": 0.52
}