{
  "profit_factor": 0.7480626748271719,
  "expectancy": -0.03436747727810649,
  "sharpe_ratio": -0.334273673576877,
  "sortino_ratio": -0.1834701911272309,
  "calmar_ratio": -2.1994010949765608,
  "max_drawdown_pct": 13.82240105031946,
  "max_drawdown_currency": 15.049230370000002,
  "avg_trade_duration_minutes": 2642.0,
  "win_rate_pct": 73.96449704142012,
  "loss_rate_pct": 26.035502958579883,
  "total_trades": 169,
  "trades_per_day": 0.46
}