{
  "profit_factor": 5.127769956245277,
  "expectancy": 0.30378286875,
  "sharpe_ratio": 4.586923230864384,
  "sortino_ratio": -100.0,
  "calmar_ratio": 270.8058781245443,
  "max_drawdown_pct": 0.5715054240868672,
  "max_drawdown_currency": 0.5887593,
  "avg_trade_duration_minutes": 674.0,
  "win_rate_pct": 87.5,
  "loss_rate_pct": 12.5,
  "total_trades": 8,
  "trades_per_day": 0.27
}