{
  "profit_factor": 0.5970722778429862,
  "expectancy": -0.2148773295876289,
  "sharpe_ratio": -1.0795176860231588,
  "sortino_ratio": -0.6529013140345485,
  "calmar_ratio": -4.388490870622199,
  "max_drawdown_pct": 74.5799272936473,
  "max_drawdown_currency": 107.81558277999997,
  "avg_trade_duration_minutes": 3600.0,
  "win_rate_pct": 69.7594501718213,
  "loss_rate_pct": 30.2405498281787,
  "total_trades": 291,
  "trades_per_day": 0.8
}