{
  "profit_factor": 0.8231739264513654,
  "expectancy": -0.043849068005780395,
  "sharpe_ratio": -0.6053489030077763,
  "sortino_ratio": -4.0939822875674095,
  "calmar_ratio": -1.5341849030221457,
  "max_drawdown_pct": 25.881076302391538,
  "max_drawdown_currency": 28.530494590000004,
  "avg_trade_duration_minutes": 1330.0,
  "win_rate_pct": 83.23699421965318,
  "loss_rate_pct": 16.763005780346816,
  "total_trades": 346,
  "trades_per_day": 0.47
}