{
  "profit_factor": 0.7970480251786957,
  "expectancy": -0.037377248133704744,
  "sharpe_ratio": -0.5410948362726744,
  "sortino_ratio": -2.807431152578933,
  "calmar_ratio": -1.438748339650254,
  "max_drawdown_pct": 24.40846727938296,
  "max_drawdown_currency": 27.32348889,
  "avg_trade_duration_minutes": 1141.0,
  "win_rate_pct": 90.80779944289694,
  "loss_rate_pct": 9.192200557103064,
  "total_trades": 359,
  "trades_per_day": 0.49
}