{
  "profit_factor": 0.648687501091803,
  "expectancy": -0.07853066868945865,
  "sharpe_ratio": -2.753514831893997,
  "sortino_ratio": -3.4315086049783368,
  "calmar_ratio": -5.088595600023104,
  "max_drawdown_pct": 28.353197408254832,
  "max_drawdown_currency": 28.665406240000003,
  "avg_trade_duration_minutes": 154.0,
  "win_rate_pct": 44.15954415954416,
  "loss_rate_pct": 55.84045584045584,
  "total_trades": 351,
  "trades_per_day": 0.96
}