{
  "profit_factor": 0.782408934000958,
  "expectancy": -0.03459236980198023,
  "sharpe_ratio": -0.31412538259775463,
  "sortino_ratio": -0.18279620054593132,
  "calmar_ratio": -1.3683783597810213,
  "max_drawdown_pct": 20.046581234269905,
  "max_drawdown_currency": 21.689450890000003,
  "avg_trade_duration_minutes": 1876.0,
  "win_rate_pct": 73.26732673267327,
  "loss_rate_pct": 26.73267326732673,
  "total_trades": 303,
  "trades_per_day": 0.42
}