{
  "profit_factor": 0.4744593364823811,
  "expectancy": -0.09935234156976748,
  "sharpe_ratio": -1.4155481555224703,
  "sortino_ratio": -1.008704609542355,
  "calmar_ratio": -4.05920895957205,
  "max_drawdown_pct": 22.035287101686716,
  "max_drawdown_currency": 23.039257720000002,
  "avg_trade_duration_minutes": 1056.0,
  "win_rate_pct": 68.02325581395348,
  "loss_rate_pct": 31.976744186046517,
  "total_trades": 172,
  "trades_per_day": 0.47
}