{
  "profit_factor": 0.8640037389620417,
  "expectancy": -0.016178212011834323,
  "sharpe_ratio": -0.17890987492563,
  "sortino_ratio": -0.09907158869186357,
  "calmar_ratio": -1.2996795590276509,
  "max_drawdown_pct": 11.011196332679988,
  "max_drawdown_currency": 11.988512680000003,
  "avg_trade_duration_minutes": 2617.0,
  "win_rate_pct": 73.96449704142012,
  "loss_rate_pct": 26.035502958579883,
  "total_trades": 169,
  "trades_per_day": 0.46
}