{
  "profit_factor": 0.7877787601620281,
  "expectancy": -0.035497761761517616,
  "sharpe_ratio": -0.6098211352537561,
  "sortino_ratio": -0.4680326183885496,
  "calmar_ratio": -1.7423774863257548,
  "max_drawdown_pct": 19.674724411690338,
  "max_drawdown_currency": 21.13127123,
  "avg_trade_duration_minutes": 752.0,
  "win_rate_pct": 71.00271002710026,
  "loss_rate_pct": 28.997289972899736,
  "total_trades": 369,
  "trades_per_day": 0.51
}