{
  "profit_factor": 0.5268204678212898,
  "expectancy": -0.08398618736526944,
  "sharpe_ratio": -0.9732555696000937,
  "sortino_ratio": -0.6134952724871042,
  "calmar_ratio": -3.54646880062819,
  "max_drawdown_pct": 20.70054415140676,
  "max_drawdown_currency": 21.643998189999998,
  "avg_trade_duration_minutes": 1477.0,
  "win_rate_pct": 70.65868263473054,
  "loss_rate_pct": 29.34131736526946,
  "total_trades": 167,
  "trades_per_day": 0.46
}