{
  "profit_factor": 0.37607748155087967,
  "expectancy": -0.6729019450000001,
  "sharpe_ratio": -1.251313339779222,
  "sortino_ratio": -1.344915185068063,
  "calmar_ratio": -52.245328805769404,
  "max_drawdown_pct": 4.921310250000005,
  "max_drawdown_currency": 4.92131025,
  "avg_trade_duration_minutes": 2712.0,
  "win_rate_pct": 33.33333333333333,
  "loss_rate_pct": 66.66666666666667,
  "total_trades": 6,
  "trades_per_day": 0.2
}