{
  "profit_factor": 0.8340013469935573,
  "expectancy": -0.020260200819672128,
  "sharpe_ratio": -0.29529369272062067,
  "sortino_ratio": -0.1737872496027252,
  "calmar_ratio": -1.4367543142706087,
  "max_drawdown_pct": 13.50721750733969,
  "max_drawdown_currency": 14.937547219999999,
  "avg_trade_duration_minutes": 1656.0,
  "win_rate_pct": 73.224043715847,
  "loss_rate_pct": 26.775956284152997,
  "total_trades": 183,
  "trades_per_day": 0.5
}