{
  "profit_factor": 0.46463373542686237,
  "expectancy": -0.11293063729166666,
  "sharpe_ratio": -0.6648302619335806,
  "sortino_ratio": -0.3566841411911157,
  "calmar_ratio": -3.5888569111398945,
  "max_drawdown_pct": 23.717652167854368,
  "max_drawdown_currency": 25.26280494,
  "avg_trade_duration_minutes": 3262.0,
  "win_rate_pct": 75.0,
  "loss_rate_pct": 25.0,
  "total_trades": 144,
  "trades_per_day": 0.39
}