{
  "profit_factor": 0.5706840056251138,
  "expectancy": -0.10393553881410256,
  "sharpe_ratio": -3.1920107243318943,
  "sortino_ratio": -4.011549646914673,
  "calmar_ratio": -5.027165462615692,
  "max_drawdown_pct": 33.763623899145,
  "max_drawdown_currency": 34.44450777999998,
  "avg_trade_duration_minutes": 155.0,
  "win_rate_pct": 40.06410256410257,
  "loss_rate_pct": 59.93589743589743,
  "total_trades": 312,
  "trades_per_day": 0.85
}