{
  "profit_factor": 0.8929391015295778,
  "expectancy": -0.022842564074074034,
  "sharpe_ratio": -0.1320753655418371,
  "sortino_ratio": -0.147593872368385,
  "calmar_ratio": -0.6393765817248259,
  "max_drawdown_pct": 27.769505600694032,
  "max_drawdown_currency": 35.785005919999996,
  "avg_trade_duration_minutes": 3519.0,
  "win_rate_pct": 97.3063973063973,
  "loss_rate_pct": 2.693602693602699,
  "total_trades": 297,
  "trades_per_day": 0.41
}