{
  "profit_factor": 0.6147437141965431,
  "expectancy": -0.024476540116883112,
  "sharpe_ratio": -28.51882754683375,
  "sortino_ratio": -34.579261946083825,
  "calmar_ratio": -5.234187168793997,
  "max_drawdown_pct": 94.23561667000006,
  "max_drawdown_currency": 94.23561667000006,
  "avg_trade_duration_minutes": 101.0,
  "win_rate_pct": 37.35064935064935,
  "loss_rate_pct": 62.64935064935065,
  "total_trades": 3850,
  "trades_per_day": 10.55
}