{
  "profit_factor": 0.7894689851528912,
  "expectancy": -0.038301465718562855,
  "sharpe_ratio": -0.29302529613115147,
  "sortino_ratio": -0.16013103054413086,
  "calmar_ratio": -1.3068871578262353,
  "max_drawdown_pct": 25.61812511754033,
  "max_drawdown_currency": 29.918634039999997,
  "avg_trade_duration_minutes": 2286.0,
  "win_rate_pct": 74.8502994011976,
  "loss_rate_pct": 25.149700598802397,
  "total_trades": 334,
  "trades_per_day": 0.46
}