{
  "profit_factor": 0.8828962858995327,
  "expectancy": -0.03812703275985668,
  "sharpe_ratio": -0.19894172806647406,
  "sortino_ratio": -0.9540629278190108,
  "calmar_ratio": -1.1949422212770027,
  "max_drawdown_pct": 23.2977444101648,
  "max_drawdown_currency": 25.7042175,
  "avg_trade_duration_minutes": 4917.0,
  "win_rate_pct": 94.26523297491039,
  "loss_rate_pct": 5.73476702508961,
  "total_trades": 279,
  "trades_per_day": 0.38
}