{
  "profit_factor": 0.7800170620418065,
  "expectancy": -0.11324200389513106,
  "sharpe_ratio": -0.5841568753610514,
  "sortino_ratio": -1.345468500208205,
  "calmar_ratio": -2.027781478473844,
  "max_drawdown_pct": 39.02305153234635,
  "max_drawdown_currency": 42.520402409999996,
  "avg_trade_duration_minutes": 5313.0,
  "win_rate_pct": 83.14606741573034,
  "loss_rate_pct": 16.853932584269657,
  "total_trades": 267,
  "trades_per_day": 0.37
}