{
  "profit_factor": 0.37929791863025003,
  "expectancy": -0.15752140312499993,
  "sharpe_ratio": -0.7755527416660393,
  "sortino_ratio": -0.413444735871648,
  "calmar_ratio": -4.014704607750908,
  "max_drawdown_pct": 29.57345295124468,
  "max_drawdown_currency": 31.50009824,
  "avg_trade_duration_minutes": 3327.0,
  "win_rate_pct": 75.0,
  "loss_rate_pct": 25.0,
  "total_trades": 144,
  "trades_per_day": 0.39
}