{
  "profit_factor": 0.8822477992205762,
  "expectancy": -0.02138193969032262,
  "sharpe_ratio": -3.6982526114069536,
  "sortino_ratio": -4.742301775386102,
  "calmar_ratio": -6.505133158493945,
  "max_drawdown_pct": 26.769802383244134,
  "max_drawdown_currency": 28.689019990000016,
  "avg_trade_duration_minutes": 98.0,
  "win_rate_pct": 47.35483870967742,
  "loss_rate_pct": 52.64516129032258,
  "total_trades": 775,
  "trades_per_day": 4.31
}