{
  "profit_factor": 0.8540622569839825,
  "expectancy": -0.03763583424999997,
  "sharpe_ratio": -0.8225208603668542,
  "sortino_ratio": -1.0078462497315168,
  "calmar_ratio": -2.942777275889527,
  "max_drawdown_pct": 18.743718470497996,
  "max_drawdown_currency": 20.636557330000002,
  "avg_trade_duration_minutes": 171.0,
  "win_rate_pct": 52.5,
  "loss_rate_pct": 47.5,
  "total_trades": 280,
  "trades_per_day": 0.77
}