{
  "profit_factor": 1.0837854958431952,
  "expectancy": 0.027164185826087095,
  "sharpe_ratio": 0.15716274689523818,
  "sortino_ratio": 0.38192490807607066,
  "calmar_ratio": 1.423399193985435,
  "max_drawdown_pct": 11.487390517720234,
  "max_drawdown_currency": 13.383678369999998,
  "avg_trade_duration_minutes": 285.0,
  "win_rate_pct": 40.0,
  "loss_rate_pct": 60.0,
  "total_trades": 115,
  "trades_per_day": 0.32
}