{
  "profit_factor": 0.29268264906186137,
  "expectancy": -0.8862844785714286,
  "sharpe_ratio": -1.4896142673421107,
  "sortino_ratio": -1.3690956893871993,
  "calmar_ratio": -54.96570925547202,
  "max_drawdown_pct": 7.187941350000003,
  "max_drawdown_currency": 7.18794135,
  "avg_trade_duration_minutes": 2394.0,
  "win_rate_pct": 42.857142857142854,
  "loss_rate_pct": 57.142857142857146,
  "total_trades": 7,
  "trades_per_day": 0.23
}