{
  "profit_factor": 0.6594589526099962,
  "expectancy": -0.02278581054073893,
  "sharpe_ratio": -26.921710970808647,
  "sortino_ratio": -33.21180198233458,
  "calmar_ratio": -5.233593124571367,
  "max_drawdown_pct": 93.1371042899998,
  "max_drawdown_currency": 93.1371042899998,
  "avg_trade_duration_minutes": 104.0,
  "win_rate_pct": 39.24639099584047,
  "loss_rate_pct": 60.75360900415953,
  "total_trades": 4087,
  "trades_per_day": 11.2
}