{
  "profit_factor": 0.871162440946373,
  "expectancy": -0.03542166176282055,
  "sharpe_ratio": -0.2705764687979871,
  "sortino_ratio": -0.824638329338143,
  "calmar_ratio": -0.9326763526874544,
  "max_drawdown_pct": 31.011025788497566,
  "max_drawdown_currency": 36.0859667,
  "avg_trade_duration_minutes": 2796.0,
  "win_rate_pct": 92.62820512820514,
  "loss_rate_pct": 7.371794871794862,
  "total_trades": 312,
  "trades_per_day": 0.43
}