{
  "profit_factor": 0.7163752694010584,
  "expectancy": -0.04029708147928998,
  "sharpe_ratio": -0.37711026901726846,
  "sortino_ratio": -0.2065040062740759,
  "calmar_ratio": -2.418355498953931,
  "max_drawdown_pct": 14.739872375032215,
  "max_drawdown_currency": 16.048133330000002,
  "avg_trade_duration_minutes": 2670.0,
  "win_rate_pct": 73.96449704142012,
  "loss_rate_pct": 26.035502958579883,
  "total_trades": 169,
  "trades_per_day": 0.46
}