{
  "profit_factor": 0.7650424956091502,
  "expectancy": -0.028682859956709952,
  "sharpe_ratio": -1.2222644040727753,
  "sortino_ratio": -1.9071574976728947,
  "calmar_ratio": -4.09098402177437,
  "max_drawdown_pct": 8.477352007804315,
  "max_drawdown_currency": 8.64885886,
  "avg_trade_duration_minutes": 93.0,
  "win_rate_pct": 37.22943722943723,
  "loss_rate_pct": 62.77056277056277,
  "total_trades": 231,
  "trades_per_day": 0.63
}