{
  "profit_factor": 0.3374459887795581,
  "expectancy": -0.18611694722222227,
  "sharpe_ratio": -0.8302125882243944,
  "sortino_ratio": -0.4413097932405178,
  "calmar_ratio": -4.209848836925367,
  "max_drawdown_pct": 33.32233900618547,
  "max_drawdown_currency": 35.49321596,
  "avg_trade_duration_minutes": 3333.0,
  "win_rate_pct": 75.0,
  "loss_rate_pct": 25.0,
  "total_trades": 144,
  "trades_per_day": 0.39
}