{
  "profit_factor": 0.8390047212844018,
  "expectancy": -0.7943057874999999,
  "sharpe_ratio": -1.5743394025191053,
  "sortino_ratio": -5.7685837415303745,
  "calmar_ratio": -54.032580894200315,
  "max_drawdown_pct": 3.2097439859820254,
  "max_drawdown_currency": 32.95112516,
  "avg_trade_duration_minutes": 207.0,
  "win_rate_pct": 37.5,
  "loss_rate_pct": 62.5,
  "total_trades": 8,
  "trades_per_day": 1.14
}