{
  "profit_factor": 0.8325264337712793,
  "expectancy": -0.09925958157894743,
  "sharpe_ratio": -0.24162064825380142,
  "sortino_ratio": -0.3567807308981903,
  "calmar_ratio": -1.3010016585812862,
  "max_drawdown_pct": 41.7315435119685,
  "max_drawdown_currency": 54.61572844999999,
  "avg_trade_duration_minutes": 10251.0,
  "win_rate_pct": 92.34449760765551,
  "loss_rate_pct": 7.655502392344488,
  "total_trades": 209,
  "trades_per_day": 0.29
}