{
  "profit_factor": 0.8324919520121657,
  "expectancy": -0.04080242936599421,
  "sharpe_ratio": -1.2133244763498534,
  "sortino_ratio": -1.5901296480710319,
  "calmar_ratio": -3.887567140247643,
  "max_drawdown_pct": 19.06299621393454,
  "max_drawdown_currency": 20.218159799999995,
  "avg_trade_duration_minutes": 144.0,
  "win_rate_pct": 52.73775216138329,
  "loss_rate_pct": 47.26224783861671,
  "total_trades": 347,
  "trades_per_day": 0.95
}