{
  "profit_factor": 0.5429117796971304,
  "expectancy": -0.08364403986111107,
  "sharpe_ratio": -0.5639692197616045,
  "sortino_ratio": -0.30453426645055315,
  "calmar_ratio": -3.170486903185289,
  "max_drawdown_pct": 19.884977168027206,
  "max_drawdown_currency": 21.18043961,
  "avg_trade_duration_minutes": 3214.0,
  "win_rate_pct": 75.0,
  "loss_rate_pct": 25.0,
  "total_trades": 144,
  "trades_per_day": 0.39
}