{
  "profit_factor": 0.6200742118709217,
  "expectancy": -0.024027489511758697,
  "sharpe_ratio": -28.177166018704007,
  "sortino_ratio": -33.638152280632184,
  "calmar_ratio": -5.234168986146011,
  "max_drawdown_pct": 93.99680034000004,
  "max_drawdown_currency": 93.99680034000004,
  "avg_trade_duration_minutes": 102.0,
  "win_rate_pct": 37.423312883435585,
  "loss_rate_pct": 62.576687116564415,
  "total_trades": 3912,
  "trades_per_day": 10.72
}