{
  "profit_factor": 0.8692546574530696,
  "expectancy": -0.029191583586626102,
  "sharpe_ratio": -0.2897802691682356,
  "sortino_ratio": -1.1602754596078149,
  "calmar_ratio": -1.0514230333011536,
  "max_drawdown_pct": 23.90559945655177,
  "max_drawdown_currency": 27.48910146,
  "avg_trade_duration_minutes": 2084.0,
  "win_rate_pct": 92.70516717325228,
  "loss_rate_pct": 7.294832826747722,
  "total_trades": 329,
  "trades_per_day": 0.45
}