{
  "profit_factor": 0.7123308740818594,
  "expectancy": -0.12420862462962962,
  "sharpe_ratio": -0.5996778619519046,
  "sortino_ratio": -0.8984996848883228,
  "calmar_ratio": -2.00331003552268,
  "max_drawdown_pct": 43.81178245003315,
  "max_drawdown_currency": 48.16842965,
  "avg_trade_duration_minutes": 5729.0,
  "win_rate_pct": 90.37037037037037,
  "loss_rate_pct": 9.629629629629633,
  "total_trades": 270,
  "trades_per_day": 0.37
}