{
  "profit_factor": 0.7995603559457285,
  "expectancy": -0.0252480093442623,
  "sharpe_ratio": -0.3803196829377029,
  "sortino_ratio": -0.2289357096082779,
  "calmar_ratio": -1.8764886552204612,
  "max_drawdown_pct": 12.888009770162117,
  "max_drawdown_currency": 13.980819250000003,
  "avg_trade_duration_minutes": 1569.0,
  "win_rate_pct": 72.6775956284153,
  "loss_rate_pct": 27.322404371584696,
  "total_trades": 183,
  "trades_per_day": 0.5
}