{
  "profit_factor": 1.1372312890786496,
  "expectancy": 0.04419729960629909,
  "sharpe_ratio": 0.27161564663765464,
  "sortino_ratio": 0.6494057987331955,
  "calmar_ratio": 2.28114387084425,
  "max_drawdown_pct": 12.87953985009414,
  "max_drawdown_currency": 15.613411300000003,
  "avg_trade_duration_minutes": 315.0,
  "win_rate_pct": 38.582677165354326,
  "loss_rate_pct": 61.417322834645674,
  "total_trades": 127,
  "trades_per_day": 0.35
}