{
  "profit_factor": 0.7361602752564583,
  "expectancy": -0.03517278128342248,
  "sharpe_ratio": -0.6116951838379776,
  "sortino_ratio": -0.3958144693371976,
  "calmar_ratio": -2.246604474200247,
  "max_drawdown_pct": 15.324110194607265,
  "max_drawdown_currency": 16.62348327,
  "avg_trade_duration_minutes": 1193.0,
  "win_rate_pct": 71.65775401069519,
  "loss_rate_pct": 28.342245989304814,
  "total_trades": 187,
  "trades_per_day": 0.51
}