{
  "profit_factor": 0.8097830263592818,
  "expectancy": -0.033153178892215585,
  "sharpe_ratio": -0.30197686058996104,
  "sortino_ratio": -0.17129225167975728,
  "calmar_ratio": -1.224021628823573,
  "max_drawdown_pct": 23.6758796665689,
  "max_drawdown_currency": 27.478313350000004,
  "avg_trade_duration_minutes": 2196.0,
  "win_rate_pct": 74.55089820359282,
  "loss_rate_pct": 25.449101796407177,
  "total_trades": 334,
  "trades_per_day": 0.46
}