{
  "profit_factor": 0.6979647019981916,
  "expectancy": -0.02223710291925466,
  "sharpe_ratio": -24.28889219371147,
  "sortino_ratio": -29.870581078490545,
  "calmar_ratio": -5.232390404743751,
  "max_drawdown_pct": 93.11740345000034,
  "max_drawdown_currency": 93.11740345000034,
  "avg_trade_duration_minutes": 106.0,
  "win_rate_pct": 40.87434304825609,
  "loss_rate_pct": 59.12565695174391,
  "total_trades": 4186,
  "trades_per_day": 11.47
}