{
  "profit_factor": 0.5888400316812451,
  "expectancy": -0.07019065939759037,
  "sharpe_ratio": -0.5378448044729117,
  "sortino_ratio": -0.29411062180955333,
  "calmar_ratio": -3.234742759685824,
  "max_drawdown_pct": 18.853901277737737,
  "max_drawdown_currency": 20.527309449999997,
  "avg_trade_duration_minutes": 2850.0,
  "win_rate_pct": 73.49397590361446,
  "loss_rate_pct": 26.506024096385545,
  "total_trades": 166,
  "trades_per_day": 0.45
}