{
  "profit_factor": 0.8865835632628597,
  "expectancy": -0.10849506658653829,
  "sharpe_ratio": -0.3093506362068163,
  "sortino_ratio": -1.3489209553641885,
  "calmar_ratio": -1.5768601509610405,
  "max_drawdown_pct": 37.4544754852189,
  "max_drawdown_currency": 46.369638789999996,
  "avg_trade_duration_minutes": 8234.0,
  "win_rate_pct": 62.019230769230774,
  "loss_rate_pct": 37.980769230769226,
  "total_trades": 208,
  "trades_per_day": 0.28
}