{
  "profit_factor": 0.40938698342434043,
  "expectancy": -0.14001311791666662,
  "sharpe_ratio": -0.7364267633218512,
  "sortino_ratio": -0.39343933927894764,
  "calmar_ratio": -3.869171444419165,
  "max_drawdown_pct": 27.2751289735734,
  "max_drawdown_currency": 29.052043519999998,
  "avg_trade_duration_minutes": 3319.0,
  "win_rate_pct": 75.0,
  "loss_rate_pct": 25.0,
  "total_trades": 144,
  "trades_per_day": 0.39
}