{
  "profit_factor": 0.6252134501379852,
  "expectancy": -0.041374638834853095,
  "sharpe_ratio": -46.31877297582538,
  "sortino_ratio": -46.660277417168174,
  "calmar_ratio": -21.172032488974203,
  "max_drawdown_pct": 81.88846590760839,
  "max_drawdown_currency": 81.93220785999992,
  "avg_trade_duration_minutes": 88.0,
  "win_rate_pct": 37.537993920972646,
  "loss_rate_pct": 62.462006079027354,
  "total_trades": 1974,
  "trades_per_day": 21.93
}