{
  "profit_factor": 0.5560426533602713,
  "expectancy": -0.07600146650306748,
  "sharpe_ratio": -0.7598654422359485,
  "sortino_ratio": -0.4481392424338044,
  "calmar_ratio": -3.40835699155917,
  "max_drawdown_pct": 19.024710992306442,
  "max_drawdown_currency": 19.891786770000003,
  "avg_trade_duration_minutes": 1911.0,
  "win_rate_pct": 72.39263803680981,
  "loss_rate_pct": 27.607361963190186,
  "total_trades": 163,
  "trades_per_day": 0.45
}